id,winner_model_a,winner_model_b,winner_tie
4,0.6219210138137581,0.37807898618624186,0
5,0.025547433195881042,0.974452566804119,0
